dojacat,oliviarodrigo,taylorswift,karolg,myketowers,dualipa,billieeilish,quevedo.pd,thv,gunna,david.kushner,pesopluma,santandave,arcticmonkeys,harrystyles,sza,mileycyrus,zachlanebryan,calle24.oficial,newjeans_official,feid,badbunnypr,yng_lvcas,anirudhofficial,nickiminaj,carinleonoficial,theweeknd,jhayco,jasleenroyal,peggygou_,grupofrontera
0sarinity,hina_ta.__.143,gabfrncs,margaret.zoker.56,babu_single_boy_,tvos.l,molajutt879,rosamariaalvarez5616,fati_88151,ilmalyra7,v.i.n.i.c.k,0dhran_,its_courtney.xx,reyeeeeeeeem,line_olsen,k.kononenko13,mediocartomante,suzierheault,chris_dx.ep,khalila.22,dianap1205,fernandozambrano795,atdhd47,cockimoki_,hdnjckf,dj.kevin_,isfir_evsyaeva.945,saul_224,jvinevitable,geordielelliott,genidepinho
mohammadsorkhkaman,michael.greco27,cinthyaacc_,eugebarrachina,embjuju.1k,d__ao7,star.butterfly19,julita1998,mhrao232023,tshego.yourmomsfav,davidashraf736,elisanedemacena,avvahstarboy,slltnnva,t.ony.__,ufw.3bub3,iakunina8757,kirsty.croker,llishuerta,a.pp2703,abraham_fernandez_16,trumoney1k,yenimaylina_99,anfas_mhd7,virajpvttt,jesus_ts17,_.mdkkkk,gloria_g_centurion,sk_asrar_ali_,floydian67,nannu.petraglia
naza_haberkorn,6cewe,lee_24j,homa.fangirl,miriamalejandragaspar,briony.chapman,rafaeu9,yeraygcfishing,makiki758,pablo.estehmanis,maani.maj_,mile_sayago,belly_must_go_fitness,oiuxca,christian.biedert,victoriajuliia_,amiranoor39,carrielynn86,ch1na.____,the_sixth_battle_of_noh_,jharna.oraw.35,monialombardii,oscarontmdz,vrishi_h2o,kaiofranciscomatias,xestuardo_17,nevaeh.heacock_997,michael_steven_24,babai_18_02,ivan_bakurov_ivansmoedwia_smm,jaynee_gee
viii_martinss,gabfrncs,blinkeu_love_pinks,griipy,josepadillasosa,xshivam009,_magysan_,gloria_g_centurion,febimiaite,actavis_josh,zainab_youseff29,edgarramos__,omar.riservaaa,unlockway,kimanhng5,_stain._,khusrav_jalilov,joshkane1999,xavi_priv.v,raenbowslol,dela4857cruz,arnab_gamer_ff,mayrn.03,horny_heart__,jerri_ahmad_sm,gloria_g_centurion,briana_kaurova_52a,hinataa_hy,ansh_malhotra33,_ajiputra23,_josesaulmi_
lowgothic,merveiltshoza,faithnichole_,monsse22f,michael_steven_24,pratx_xk,_true_choice_,m.detalhouet,t._.th11,j4yd3n.n,jeannielammm,nachoo_riinconn,dylan.potter09,silvinacampos98,alinne675,zodwaportia_22,ensafparamanik,deirdre.s19,el_flako_vg,rarar.arrrr,marisolsanchez5661,itx_esmat__,pure_panjabi_,_moongirl_kx66,broken_girl1359,jessicaher9822,valekyansheva.891,marienelisribeiro,naina_dhondiyal,azzazimusael,anastaciasilva2638
3mattilynn,super_catttt____,vyacheslav_odesskin,queen__c03,dailyfunnysharing1901,dillpreet_singh0712,vagassvagass,valentyna_cechova,slomskif96c0iihtto6,mipiliya,kimchiii911,m.wolfer2590,amandabadicc,0fivc,madddtothemaxx,larissa.barros,minniez97,elishamartinx,lupita_gf1412,milaaaaaaaanaaaaaa,stw__photo,annsafh,saulcordeon_bass,indrajit_707,jussssyp,paola_offc15,natalchik_zhityaeva_3ef,nemi_contr,tdv_nobiii_2005.9x,rioshygarou,jarisanerd
ijanguti,sarudapsn,karinaportena,_giahuyxx,thali_a.l,noraalotaibi2_,your__ammi00090,pipoxha,heh_2fel,ryst_25quane,zeroalireza55,vipons,maxhopkinson,gh0stslutz,_goa_t__,_goa_t__,romangonzalezzzz.7,kate.zavalis,sergio_ramirez420,pxmjxi_02,mr._karthik_sty,dina_rnza,abda_lmk,i_am_chanti__,ramakumar1597,jdvill1,doubi_lusher_30c,joseph0394,ashuraj321,jh75ho,yaelsillo_31
rider___ajay___46,sr_9uk,roshniiiraj,markalvaradomx,wilsonjavierfernando94,tannu_33_,aliasghar_78787,cristiangallardo16,clari_ssa7767,its.iconliving,hono_agn,denisse_perez2021,jef.lex1,chr.isgone,nazaniin_gdm,sukir_ti,jasminebaby139,meredithlbuchanan,jeenniifer0,hwanghyu2023,sara.mclima,madddtothemaxx,brvwud0.9,viraj_sinh707,alexcharbonier11,nannu.petraglia,aleeshalepper_33c,didivictoria_,vidishajohari,oumayma.rhiati,sofiak.76
aoygurl,pegatt15,tgoble85,guty7479,belennnndallia_15,itz_victorhugo0,sare._.0na_9_,whosvalen2,semk_hatri25,am3ri.ig,mina.ashraf.94801116,fuentesjulian425,tyler.francis07,emurphyxx10,fadlina_____,barbiekvitsiani,exaucekalamakm,lornasture,keila_lopez9514,heh_2fel,wild_spirit_19_,gus_gus_xx,hperlaaa,cool_as_a_sun,duazesh,warrior_of_god20,cg_miss_jyoti_sahu_00,adria_n3243,oreo__p_r_i_n_c_e,efetmz,818w7w9
emma0.314,ardoyo96,rodonas11,movebeyondorg,brendaross9462,jesu_das_07,heis_tc,lisbeidyss,itz__diya__90,m0kshithaa,_wostvfv_20,cris_14st,firm4_underground_,dven_mrvcw,unaisc2_,av1sa._.k,gloria_g_centurion,mr.kadir96,isaac_vss,stayse_girl,ig___chandan12,_vincent_rd_abril_,fano_montana69,_its_tanuuu_08_,joanabotao96,hellena257,ekny7tm8,mariate.85,sameer_shyk_404,i_duno_why_u,dianamar_33
_reuben.sam_,auroraitzel15,mish.el2935,hadisha_english,bellaycalla69,gabfrncs,i_a_m_alone2304,joaquinsilvestre7,raytana910,itspvtais._,rsulhabibullayev,sushii_man11,el_kun16_,maizaserrao5,ttrc20_xpxp,mechaa_06,go.ri1611,meggsavoie_,egyptian_golden,itx_esmat__,lenny_amairani,christy040415,hyttps_h03s,p_r_i_o_s_y,mr.gahlot_0203,fortinoreynaofficial,smila.settleedb,edwardnelson9111717,official________pagal,tundey.stz,alo_guzman
shaikh___queen___786,chexnn0_,this_rightnow,saroakin,_caam1l4xx___,eloaalmeida111,wild_spirit_19_,albertgine8,kai__nat01,prod_juhem,x._z45,noeiajaquelin,ondina.carmo,xyz.kylee,_tkw.haznh_,zeinabibrahem345,sophiaoliverxx,pauldeller4,oscardaniel3225,milky_way___o0,antonio.essen,wos_is_beniko,jov4nny_of,sandy_papa_0030,allenthapa7,_josesaulmi_,cinderella_chagajka_e4b,yummycakepr,mukesh_dannina__,tinaxx_chang,pepi__to
ktoqwan,aniiii._09,5407_aaaaaa,evyg_42,atorrealba_98,karinaportena,cnsrdrec,nathideandradee,ester_iz,f8vknc387,vansh1ka_arya,typer_diaz,magasman.jx,bukanholangkayaa,av1sa._.k,allin2023_,khushi456358,johnnyb0y17,senna8.t,bass_bud18,ilhamsol5501,fuckoffpennyy,valeriaitzel520,subhashks7,dwariyan,miriamalejandragaspar,tyujme.bireley.426,guy_ben_yakar,lisa____roy___,13tareq,alejos.1306
fyshimada,capsaicin.vanillin,jasur_55670,fyshimada,_ha104yat,auroraitzel15,amanrajput__315,dario.juarezz,zebat_h,tjheza_,throttle_smokey_,crissierrastewart,___gallyamov___,simplycos,swifties_4ever_13,russell465__,angoctram.thuytrinhc5qxs,nevaeh._.222,adrian_hdz_xd,floorandseeyea,babu_single_boy_,marco_dignazio,ele_samgs,9675.appu,enh_sanskxiti,dayuss_nikol,ilgina.nestina.502,artgpaiin,_editzs_0031_,mmmmhdyn_,carmemcamargo38
patricia._edwardslc1687,annaclara.dgt,daveyb778,adamsandler_fanpagechat7,nigin_8881,ezza_sulman113,iamnishant35,freddyhernandez1609,k_d_r_dreem,themba_o4,rasin__shan,evertonpaura27,tabi_prvv,super_catttt____,penchalanarayanaanthati,jaysonpaoloalbano,vtotheici,lauandealdenice,karlaestefania2903,jouska.ww,mariana.valdez.547,sara.mclima,kittyaaaan,sharini_185,rumysakesknn,melissagarcia.777,amene_sopkova_31a,maguipedrozo_,aalmin_n,rossbarrett4,klansureno
_giahuyxx,mohammadsorkhkaman,tamara_soteloo,guillemdelmoral49,pablojimenez_4,si.moneferreira616,pratx_xk,_valennbogado_,na.da_5836,sugarhillc,tsubasa37756,juanmanuel_220_,michalmaane,maria_mpoumpari,5shakr,fernandosand__,cefe1816,finlay_jalovaara,rivastapiavictorhugo,nkd.sty,sebastian.versace.1410,sionk567,oscar_ax.x_,ra.ji9457,tanti9874,emiliangelc08,nihad.mff,bea_duenas_,ishaan_6996,matteobasile__,lafritanga504hn
cejami.hyrexo,maria_mpoumpari,kwstas_orf90,squibb5gjdiujkzasv94,lucy.ps2,hadisha_english,reza_omidi2005,_.carmen_lopezz,p0nd__e,giomio.inc,alizareaofficial,lilianade.holanda,official_tjporshe,p4ncakies,emurphyxx10,kayvilar_,fahimaaaahhyy,elaina_c34,ximena_delima,m_miyu0819,romina.sanmartin.988,vipons,emiliano.ns_77,itz_me_fazlu._,ekimlan.tuongvi4f5wn,jonathanojedaone,kulpan.sell_283,jcorellana_15,rajkonwarborokha,victor_goodlife1,mari12cp
d_l_parkerartist,dreams.inpixels,auroraitzel15,thiagorangko,_marak__wachira,astralthoughtthouse,bbyymariposa,artgpaiin,jaisimanjuntakk,kandoadrian,chitanda_aic___,marinobalby3,sc1ua_,paulina_gelman,bukanholangkayaa,ssmmaaffgg33,mostafataha8929,vegansailor,dfnaawe,arshxryi,ledesmamarita81,iiamdannyy,deleon593,_.mufii__,temu.rbek393,sadcoin3443,iyuliyana_akilova_09c,_mamad.sh2,ig_mr_das_,jackc.tc,priv.ale1706
gen_zfinest,___mahruf,seuluvii,pablo190776,felipeetamcm,ami_naalami23,ireneparaiso27,carmenestelavalienterodriguez,lluilemamelissa,joli_e42,v4mp1r55,babu_single_boy_,punitdc,emillyy.sue,lnbr2301,trendntopic_ceejay,eddielumocso,christopher__fx10,jaelvazquez4,diinnniww,maria_mpoumpari,sharingan_360,omarcito.uniickop,abhirajpothera,dipakoad93,nati_olayo,anas.spammyy,lenin_garcia0600,being_khan_shahbaz,sharqfx,fernandakarolinagonzalezruiz
_dayonftbtv_,kamalesh_0963,ainaz.gh5,kelkelkel,joaquinsilvestre7,kim_yuri50,z.e.z.o_a.l.i,nadineldg,pusskecil25,el__favo__26,r.sadikoglu62,michael_steven_24,marvelous.adey,pavnilovesteaa,msdoubleskullsaswell,hiten___66,hite.shsuar,sadyymadyy,thyreevo,drdgt_sqq,samirxx_00,porch.thoughts,fresky_beat,stefanypaula317,jiri_collection,ella.esunalien,delika.shpotina.1c3,alonsopqsi_,kurbangauri,so_ta_aaa,marcofeo
sh.adow6685,renne7358,hmdwjdwllw,sh.adow6685,maryferblakeley,sr_9uk,marinoni_morenaa,ousema_nheri,riha_nkhann34,mirelidocarmo4,jcjfhnbg,gne.czrs,5lucas0,superladyv,luisaventurimartins,aivan_bakurov_ivansmedia_smm,ganu0053,guitarsandtikibars93,ele_samgs,applewhite_milkkiy,joycebarroso48,graciealbers,dae_vl01,mr_om_3_1_5,mamanmoustaphaabdourahamane,la_martinezz08,mianaro_,priv.ale1706,sourabh.26589,samolewski_,marienelisribeiro
_namra___3,queen__of__haart__07,fbiyawarwala,nazi___shariat,jazminl629,ijanguti,vyacheslav_odesskin,daniigomzz,gnghi_03,billy20_23,hasti_bmr,yosicervantess,jacoob.77,notnad____,super_catttt____,marola.2010,_rosa__sinensis_,haileylneal,vero_gill94,le_huong_123,cordoba.max,yxzndrea_,zxsxfiaa,shizasheikh453,yebooo97,rosneisy5,begoniya.ferry.655,nildetefioreti766,its_rahis_02,myoussef79,paskimmy
_redouane__cruise_,dudinha_souza_04,mann_sukhy,petravega13,qiaosiweng,aniiii._09,sankiswarrbh,_aalejandroo_05,_mychath_dmps,niryc,kiranya_vardhini07,diegoreynaresendez,son_cadet,_minavagante,mind_artist____,nolimitddx,w3nhan_,lizzy_03x,millet2831,chto.1203,michael_steven_24,rakeshrana2026,kriz.naomi,itz_bangtan_girlxxz,sanuzzz710,sofiak.76,getilyxabol,franncanu,sagar___40,kevinst19,sergioantoni0
ccvqi3,annartsm,tn_lawton931,arezo9920b,sandra_.mdzz,sshellasari,fadlina_____,_isabelcardona_,saemrridhii_20,tubohhimself96,charssspam_,thekiddteeo,daoudisalma2,onyi_cubana,kendrarosemarcum,yousuf_farid,4o39cwpa,chincstaglo,luispantoja209,k._ssss._,maximorafael19,guty7479,ellenkarter20,sandeep_kundula,kylee._31,alejos.1306,mckaelma,__xen_99__,a_r_kaur_0786,muuuuumin_15,jakeminjares
cook_policy,kleinn_zzyaa,ms.chrsly,winteriii,alca_erwin,mohammadsorkhkaman,aslbx_,camila_aguin,vihanhhh,juanllomas,_lumiere_1895_,maximorafael19,ingrid_dibahi,denunwn,kata.svobo,zothando_zk,kxariyka,_.kaylaaa.roseee,noemi_garvel,nini_ru_,nani_man_of_143,07____alej0,jesu.xs19,jasimothiyil,mukhtar_pakie,do.me.li.pa57,ullazhaplova_380,rosemarybacellar3,anosh1099,danniwheelerxx,_rioskarinaaa_
thakur_vishu99,viii_martinss,alya_2709,christopher__fx10,lelianealcobaca,pietracasa,ahmad_2br,mdemartiinezz,jm_7kn,censoredculture,maryfitzpatrick_84,myste_ry975,thatgy.al_,nanaadya__,awnu1210,zach_minter,itz__nur._zamal__07,diana_teresa22,fer_ga1308,jessica.h.lee,petravega13,tamara_soteloo,idk._anny0,naresh25061997,jeanpullluyimbazi,vale_diaz2018,vermacute_girl567,markuuss3,mustafahyder50,jamie.larking,crissierrastewart
notttthing2023,dery230,_pulsar_rider_29,ericcuevasg,zzzzz6666662023,alperugurlu44,slymnv.17_,jonydcl8,123queenaishu,rishh1213,playgurllroza,josefina.cejas,hollatunzzy18_,naman.gahlot.180,asiahung,kinglaktab,shenuki310,shenae.costigan,gabrielguevara27,teppp._103,sagar_g_1001,valery.ac0,jhxx_ali,priya.ravi0309,muwonge518,priissccyy,falisa.trask024,azul6555,prakashraj81512022,ourbluelights,bogadoanchi
meganlevakk,sh.adow6685,aniiii._09,meganlevakk,freddyhernandez1609,_88nor,annnnndengggggg,funzyta,atmero_1,ali_rad.83,acup_ofmusic,mon_1s3,matthias.karlsson,iits__maedeh,sshellasari,mcclaintim208,deysubrat855,wiltaylor5,cg_jose_alfredo,catriona3169,sskr650,ma1ikahh,yamlet._gga,sruthi___davidraj,meliss_amo,cinyazm,crypticwanderlust,deykam,piyushsonawane1498,gonzalosl01,afernandodan
super_catttt____,allieebarryy,connormcninch,wild_spirit_19_,mariate.85,maria_mpoumpari,_goa_t__,javi.fid,jimmiiiii_312,veronwayne__,oduplessy,817katt,rashadsweatt5,letyogurtesim,annaclara.dgt,4267_andy,the.archvr,annnie_.m,yahir_rodriguez,my_kitty0526,syed_armaan_khan,lujidn,valeperang_23,mahalakshmi_1100,gambian_chrisean_rock,debaaaa.05,gyuzaliyamachen.983,andreapinpam,priya__pal41,natitarijo,juancarlospelaezfermin
guru.randhawa__30,hindu_systam,ahmedshafiq4999,jahan_riya_2,victorcg.08,v.samatar,closer861,hatziry.garcia,min.okt_indah,hoodboysilva,naman.gahlot.180,yamilujas,hannah.hutton88,zhongli_moneylender,richardcollins8105124,queen__c03,cocile76,cylemagick,don_nugs,i8trq4,pipoxha,sananaaz.97,acuariusbabyy,lalith_bhargav,yashi_thao,lillyarteaga,royal_king_r_p_12,juliettpaz7,dr_singh_shaswat,majkatarzynaa,fabri_gz_
___khan__sahaab,dee_alfian,taman__x1,nvlullabyy,animals.reel.s,felipeteixeira.costa,_88nor,jesusmf4_,editz_774,trisia_2020,commi200,manuelpinedaplaza,maxonemeth,yashikaspvtt,always_praba_004,its_chevy_wa,livlaur_,lauury_g,anah.i9227,sunsannn.n,thenthethunder,maria_mpoumpari,axel_mkpp,vishnur874848,heyguys7640,mdanieladelrosario,elezaveta.humphrys_5b3,eyp1995p,yusufalmassss,adamiri__,sebas_tian5096
glorymar_xb,kay_dancer28,renne7358,natalymoralessanchez,artgpaiin,thiagorangko,gabfrncs,nhoa_aysha_khenay,ta7a__27,antoniadias900,selma_bejaou,fate.mejaaaa,chioma4637,agudarasa_,_giahuyxx,anna_carolllina0,puhlx6epakbcj46,neo_b16,alexa.corr_,noti_0104,singal____boy____x001,speakesn4c53bph31,matiass_hr,_mariea_blessy,deboramendes4166,emi_valladares23,xenia.sneath_767,denniseaquijada,pandit__4321,juliemooon,raulalejandroesquivel.torres
pv_moii.e,itzz_yash_7007,bh.uvan2731,davidssossa,nikooqqq,cengizakdumann,deliaaa.wxw,fqrawed,_estungkara_1,tomekpiatkowskii,jr_kabeer_49,ange_lopez06,geoffrey_wtr,anastasia_thinksabout_jann,chase_carls3na,aoyagi.hitomi.mi,bababhai_t,chaela_120112,_gene.cd,superjhiroow_,joaquinsilvestre7,miriamalejandragaspar,alejandro_padilla09161t,_kxvi_.__,pramila__656,klansureno,veneranda.holliman.c28,jose_vq97,vk18.035,aldenicecarvalho88,alex.lop25
jxy__01,hey_itzjennie,imnabbao,moeen14768,yummycakepr,_rissaputrii,billiesccaepp,philipp.drxs,tota3396tota,jayz_ashtar_empire,jesse_mate_12,corokouki_,markowssggki,saishasaishasaisha,meedamoiselle,thando.091,x00x582,beginner_80,guero2785,sky_emine_,atorrealba_98,ghdvdhdgc,vishal_keedu,mxnoj_.7,_.mdkkkk,805.jocyy,ronuin_dubneva_f95,luciana._a12,im_monika10,kokekremcan,la._.yiyi
dwihardiyanti9,tan_vir__06,lilasyasmineh,a_b_r_i_s_h_a_8769,tinoo_nec,_giahuyxx,prawincible,kamleshraghuwanshi199,dump_liltie,beyonce_shakira_10th_dimension,sophie.gannon00,mva_.77,christel.rypn,pssych0x0,bhumisharma__22,yuva.mugi,mazy_gentlemenswear,loganwilliams731,jmc091.1,super_catttt____,1121911264laura,jahan_riya_2,kass_raq96,rithika_airpula,sitirahmani._,bxesco,efan_caskhaltz_king,brayanbellak0,student_shivam_yadav_0777,xdibunuh,sergio_ramirez420
pelinsslan,l0op.ez,gabbomz,amir.khan._.69,achraf_brtl,11luv.yy,super_catttt____,_.alfaroo_,yoursaiynu_,black_wall_street_69,rishitxgoyal,mafe_maba,davidjeremiah813,eessha.1d,kimchiii911,causeof.joy,ali.0mr,twinsissy2,alisson_estradaa17,eeneeri,ordnajela.sqa,hiltonhollis,alex___0606,artivibee_,malayasiasbeauty,priv.ale1706,zhamie_bosova.d32,mathew.sease,sameer_udan,shiruchann,marcos7937antonio
silviaoktaaa,sonukumar_singh123,vina.y883372,michael_steven_24,paola_fraticelli,yuanita_atmadjaja,ndrlstwrh6,depositos_directos_50.50,vaishnavi_chahar1,tiz_zyy_,em_vassallo22,iamjahir___,itsbillgn,meoqwi_,ace.fit28,jess__tay,jessicaalba9457,mia_maritz_x,charly_bdlr57,kim_x024,officialalley_a.i,funzyta,silvajoseangel385,ashraf.khan_42,youngmin6465,_mamad.sh2,blodwen_atesheva.6d5,kiusdaybastidas,01.sept_19,slim_jam,laryssadebritto312
d1na_xv,nyenyoii,la5yaa,ciincastineiras,smarlinpaola26,chpangan3,avriil.__.a,_aaron.g._,_anglic_flower_,cagantapucuoglu,yzaleatorio4,mr.ziko33.34,markomilankovicc,bruelights,_alex.arta,merveiltshoza,deezybreezy29,paigejeronimo,slerwin4,a.oi_11.2,iqra_yaqoob77,lolapop217,666danna_,aesthetic._.lyf_,marioschetas,jacobfleischmann,sgejsgsue,jj.diaz.c,fawzan_pathan564,setoardhana,bilal_abdullah.06
luf.fykingpirate,marycoll7,derrenperez,buket_ates66,luiss_stg,ca_36f,kunalparmar7867,miiigueel_so,asuka_aswn,jagienkachii,_hell._yeah,rodriguez.cj5,be_emzy,panda_mayora,elmira_nezami,fyshimada,dzesorgej,asmama579,belicomx,neiiro.s2,vvale345,maximorafael19,guadaluperubii,_liebes_jager_,fazalsubhan2634,morenito6982,merveillewinndyla,danielsondeca,iamsweety128,jeremy_papageorges_officiel,albaniaangulo
jimena_floura_sexy_ass,harshitjain0_0,luisaventurimartins,yosicervantess,pamelamarin.va,jahidur9239,libu8_l,andyson624,blackpinkfanblink_somya,mk_profit7,erni.e6100,anasouza2544,veronwayne__,cerrmilton999,nandnnaaaa,___letthelordbewithyou____,shrbywsfy732,taylor_krupp,saulteran4,ayethiri139,bk_prajapat_123,isho_a,that_kswaps2k,b_u_b_a_i_d_a_s9999,d_e_l_i_a__1,emylizpe,flyurisa.kandobac11,lil_jenx,mansilatawa,yihua_chin,babee_barb
carol_sillva_c,rahul_maheshwari_29,irwanadavid,maria_mpoumpari,emmasuarez1258,armaani_firdaus,imks03,finxx_nicki_x,sayyed__aleen,skye.money,prive_koka_777,marisol__villarreal,lukasdes9,xryxn9,yegii_0026,clewis_83,yogi_raj__31,jones_brayden,angelnoetj4,sara_tty1829,sofiak.76,pandam_2012,ga_floreees,honeyhive_studios,cg_miss_jyoti_sahu_00,wilssonmoraless,user1655idc,juniormendoza373,yess_babes,samuelraver_dj,andreamujica5
uzplv,judyboyore,amitkumar01032023,albertoburton,_mamad.sh2,_dasamuka,abdou_mkhatri,aesitions,ain.amkoz_4567,rodriguezolayapablo,majesty_maj,shyam____33,captain_focus8,crozfflies,baby_laddu_96,stxllwu,yma.siha241,lilawilliamz,its.rivas.005,jingjingbe,_muhammadsheikh,dontblikemar,angelaa_montoya,poobalan_sivasubramaniyan,azkiajaodan31,_sylviamv_,asherdu_kilburn.c6c,jonathan_15_skrr,x_______mr__imran,mahabat_ibraevva,valeriefern14
dkeonadee,albxjan,eeeman________,adamaxrys,priv.ale1706,__abhishek__sharma__04,ezza_sulman113,joselrala,hxxbxxn._.8x,sanya4_tik,dioxazi,fernandooaf5,_matiasmarchetti_,pacificoriana,_mariadeluca,catherine.cruz.s,edvanadores561,jacksonbyrness,kc_hm37,x.hyun___,israelpatlangarcia,arielalejandrovillanuevaopazo,mel.mtz_07,_zeeshan_khan_456,jitendrasaini2900,darlinstonsuarez,danelpolon,kelvinjoelperalta4,pandiversustheworld,eno_salonsolo,felixista143
annie.molloyy,sananaaz.97,dwn.liway,its_prashu_baby,arosagomez14,lec_ex,auroraitzel15,antonioricomenudo13,zeachuu,iam.karma._,nongpinnnn__20,singal____boy____x001,tomlambo11,lorahlizabeth,soumya_kha_1,mello_cn,gabriellycastro572,meagan.west.101,valentin_09102,fans125478,theprince.barigye,syed_armaan_khan,michelle_a0909,ram_b_0,editing__bro_315,jennym_oliva,jorgina_peirce_7b8,karolainenoleto4,kaps8926,vaminstagrm,epsjimenez
itz_rudra_arts_,fyshimada,debbiefletcher_,nani_man_of_143,rosemarybacellar3,cst_hannah,aniiii._09,analopezz93_,yo_chan_18,_mookie.badmon,khanhsnhingg_06,dariojimeneztv,itzurboykemzee,nikitaapshinde,dimplerawal146,eemdubs,rasuljon4448,soph_smithyyy,wavyaxebish,mitali_magdum,johantbl,yosicervantess,gmz_gmz.22,chitti_siri_simba,asvh3183,claudioakiles872,dzhanibashatleva_0ac,lairtonportela1,thangapandiyan_gunasekaran,rubyysmall,eloinanovais4
_missa.btt,sd.qy1482,komesh322,taresh_patle_,jimxna_2,cejami.hyrexo,tanakit._.15,verogarciia,itsgudiya.yadav200,mbabantokozo,loriee_p,herminiadeazevedo7,la_kush_supply420_co,_limerence8,rahu.l233340,_ava_kay,gq8m6re2,youdon.tseeme,a.diaz_santiago,c4glww,priv_miltxn06,vivina_christian,mari_nakamura2,me_astute,iim_noxiie,pimpindavid,charlesmischet,mifa838,arsl.ankhan14,medm33pmf,mxchelle_23
aiond._.tofu,the_world_of_gurjar,kimberlyjtdonname,idiot.a09,aarti6007sharma,77__lala,y.r.2.l,anitacoraspe95,annnnndengggggg,caslonxmusic,robantden,lautaro__431,alwaysjamz,whos_ms_irin,clairejpiol,bk_prajapat_123,bdbdjfbdhdsbbs,anri_knapp,wendy_15arias,rim_cha._.wahaha,pau_escobar188,thekevinbright,edward_x0x,doll_x_bady,milanez3671,umare.h,armaveni.cappel.c2b,javimui,__raaj_chaudhary,rafaaaa.ccc,alexpereznet
modigliani.ro,priscilagalvao6451,flore_s7297,maximorafael19,dejesusmirianny,aw4b.4real,astralthoughtthouse,criistiian_xeneize1,ayethiri139,data.in.pixels,_vibeswith_aziz_,speakesn4c53bph31,selin_tiknaz,gho9st_,evn.spn.v1.0,nadzchoudhury,kritikachander,mlane008,ulisesgarciadiaz123,danaa_abil,mariate.85,anl.edo,antony_22bl,khan__888798,guaposszacc,katika_23,ricza.upchurch_971,moonbin_007,kkaifi_manas,ykwh_music,carlito.ys
raphi.rahmn,_giahuyxx,annafofan1,henriquemoreira_spirit,erennkececi,_harman.06_,sreee.devika,sandam22,kimadrita_24,evelyn_nsiah_,__.yashra.__,andradedaniela57,terezinaleitao,nour._alsafadi._,mr____danish_khan___________03,nix._.jxde,oz_odbek719,vi55y,mario.navaaguero,ur_pxtt,luisparra.pt,yamilujas,esa.uvaldez,gehanomran1,ashleyggallo,maar_lenee22,agrippine_huxford_1db,amanid57,rahulsrivastav527,porfirevaa,luceliaguajajara907
nirjnirjniirjniirj,ashish_roy78559,maria_mpoumpari,mroscarmj,lucileidedovera3,amazingstreet2922,hadisha_english,moni.caso,amburena_12,adilsonmoreno51,amirgang6236,x_ham_za_xv,__aadedolapo,zajonc.prywatne,khatipop,getmoney7182,aylakci89,paiamichelle,562_julian_,gwen_d.c,nin_.na,oldhamroger,juanpablo.glz.rmz,aa_gourab__,anuj_gupta1137,yeneminaya,kriska_wakeley_fcf,wandersonnascimento763,biswodevswain,alinkardamomo,josse.mf
roshanikumari5597,marinett_ab,britishairways__airline1986,m.m.2_8,___valeen___x,riezkypratiwi,rahulxsilhan,fabiananogales3,fl_nako.77,_apix.07,oncce11__,hama.holland,debs5115,tatpon_lee,baileyfortes,ktoqwan,one_1___k,rob_dyer_,rolando_ctxker07,steamdbun.sy,animals.reel.s,pipoxha,_mafer_vl_,victor_paranthan,kpineea,gabrielafierroval,izelin.gepczova_73f,silvancavalcanti,rip_songs,vitha_apriliya,tanita_sanchez
